DATE,OPEN,HiGH,LOW,CLOSE,VOLUME
1/3/2022 9:30,87.33,87.74,86.33,86.419,734844
1/3/2022 10:00,86.385,86.63,86.14,86.6,463885
1/3/2022 10:30,86.615,86.615,85.95,86.02,560802
1/3/2022 11:00,86.015,86.76,85.76,86.74,699320
1/3/2022 11:30,86.73,86.805,86.33,86.63,522194
1/3/2022 12:00,86.64,87.37,86.59,87.11,695574
1/3/2022 12:30,87.12,87.54,87.06,87.54,503862
1/3/2022 13:00,87.535,87.7657,87.38,87.555,675969
1/3/2022 13:30,87.555,87.92,87.545,87.71,410329
1/3/2022 14:00,87.7101,87.85,87.58,87.8,314905
1/3/2022 14:30,87.81,87.85,87.48,87.56,323740
1/3/2022 15:00,87.55,87.93,87.4972,87.715,477841
1/3/2022 15:30,87.715,87.94,87.6,87.91,1242482
1/3/2022 16:00,87.9,87.9,87.9,87.9,935942
1/4/2022 9:30,87.9,88.98,87.73,88.87,1212442
1/4/2022 10:00,88.88,89.58,88.71,89.48,1107117
1/4/2022 10:30,89.48,89.5843,88.91,89.02,786106
1/4/2022 11:00,89.02,89.23,88.66,88.72,643609
1/4/2022 11:30,88.71,88.845,88.33,88.83,478348
1/4/2022 12:00,88.8293,88.84,88.552,88.64,322121
1/4/2022 12:30,88.65,88.84,88.18,88.205,384072
1/4/2022 13:00,88.205,88.3753,88.13,88.28,332691
1/4/2022 13:30,88.285,88.35,88.15,88.2,499078
1/4/2022 14:00,88.1968,88.58,88.1968,88.42,352132
1/4/2022 14:30,88.425,88.82,88.4231,88.57,330525
1/4/2022 15:00,88.57,88.765,88.54,88.69,368238
1/4/2022 15:30,88.68,89.09,88.55,88.88,1318177
1/4/2022 16:00,88.84,88.84,88.84,88.84,1447720
1/5/2022 9:30,88.49,88.6,87.315,87.575,850930
1/5/2022 10:00,87.57,87.93,87.22,87.903,576575
1/5/2022 10:30,87.8801,88.28,87.78,88.05,431394
1/5/2022 11:00,88.05,88.095,87.67,88.03,320261
1/5/2022 11:30,88.03,88.08,87.5227,87.6,326640
1/5/2022 12:00,87.59,87.68,87.43,87.48,379411
1/5/2022 12:30,87.48,87.5,87.15,87.22,385882
1/5/2022 13:00,87.22,87.27,86.97,87.01,387754
1/5/2022 13:30,87.015,87.11,86.81,87.0932,408328
1/5/2022 14:00,87.1,87.33,87.04,87.2,590316
1/5/2022 14:30,87.22,87.26,86.74,86.82,646251
1/5/2022 15:00,86.81,86.83,86.22,86.29,660792
1/5/2022 15:30,86.29,86.7,86.27,86.47,1588850
1/5/2022 16:00,86.46,86.46,86.46,86.46,1145523
1/6/2022 9:30,86,87.4189,85.55,86.68,900793
1/6/2022 10:00,86.62,86.79,86.3001,86.43,467847
1/6/2022 10:30,86.44,86.535,86.21,86.27,415698
1/6/2022 11:00,86.29,86.35,85.89,86.24,327221
1/6/2022 11:30,86.2334,86.32,86.1,86.31,323487
1/6/2022 12:00,86.265,86.385,86.015,86.02,356208
1/6/2022 12:30,86.03,86.085,85.88,86.03,251786
1/6/2022 13:00,86.03,86.69,86,86.26,359095
1/6/2022 13:30,86.27,86.445,86.21,86.375,238153
1/6/2022 14:00,86.38,86.48,86.23,86.295,304237
1/6/2022 14:30,86.29,86.59,86.24,86.5,276702
1/6/2022 15:00,86.51,86.76,86.46,86.65,511072
1/6/2022 15:30,86.64,86.67,86.13,86.33,1029917
1/6/2022 16:00,86.34,86.34,86.34,86.34,729052
1/7/2022 9:30,86.45,87.13,86.2801,86.99,663516
1/7/2022 10:00,87.01,87.175,86.78,86.92,486162
1/7/2022 10:30,86.91,87.37,86.91,86.94,603267
1/7/2022 11:00,86.95,87.66,86.95,87.6,745833
1/7/2022 11:30,87.59,87.91,87.48,87.59,492981
1/7/2022 12:00,87.59,87.6,87.21,87.35,280492
1/7/2022 12:30,87.35,87.54,87.24,87.52,235302
1/7/2022 13:00,87.52,88,87.505,87.67,461860
1/7/2022 13:30,87.66,87.92,87.57,87.7,374018
1/7/2022 14:00,87.703,87.825,87.61,87.67,291048
1/7/2022 14:30,87.66,87.96,87.52,87.875,391202
1/7/2022 15:00,87.86,87.92,87.595,87.675,355917
1/7/2022 15:30,87.675,87.92,87.49,87.5,1148174
1/7/2022 16:00,87.51,87.51,87.51,87.51,813149
1/10/2022 9:30,87.38,88.19,87.16,87.69,963230
1/10/2022 10:00,87.68,87.685,86.952,87.21,567907
1/10/2022 10:30,87.22,87.41,87,87.26,438208
1/10/2022 11:00,87.25,88.24,87.145,88.08,422720
1/10/2022 11:30,88.085,88.69,87.5,88.34,772965
1/10/2022 12:00,88.339,88.52,88.2,88.39,253109
1/10/2022 12:30,88.38,88.72,88.26,88.53,320839
1/10/2022 13:00,88.54,89.11,88.48,89.048,397548
1/10/2022 13:30,89.05,89.3,88.8101,88.96,461756
1/10/2022 14:00,88.96,89.08,88.55,88.59,327053
1/10/2022 14:30,88.59,88.76,88.31,88.54,346230
1/10/2022 15:00,88.54,88.66,88.16,88.47,397327
1/10/2022 15:30,88.47,89.38,88.45,89.31,1811576
1/10/2022 16:00,89.28,89.28,89.28,89.28,1580681
1/11/2022 9:30,88.64,89,87.78,88.38,780230
1/11/2022 10:00,88.37,88.71,87.91,88.11,445603
1/11/2022 10:30,88.125,88.27,87.4101,87.64,413812
1/11/2022 11:00,87.65,88.07,87.51,87.875,504918
1/11/2022 11:30,87.87,88.11,87.73,87.77,286686
1/11/2022 12:00,87.785,88.16,87.76,87.81,253264
1/11/2022 12:30,87.82,87.8822,87.665,87.8,228105
1/11/2022 13:00,87.785,88.01,87.63,87.95,260601
1/11/2022 13:30,87.95,88.1,87.825,88.0493,213051
1/11/2022 14:00,88.0554,88.39,87.94,88.35,236573
1/11/2022 14:30,88.35,88.45,88.24,88.275,310886
1/11/2022 15:00,88.28,88.615,88.28,88.58,301665
1/11/2022 15:30,88.59,88.67,88.35,88.51,857150
1/11/2022 16:00,88.48,88.48,88.48,88.48,565417
1/12/2022 9:30,88.89,89.52,88.7,88.88,541307
1/12/2022 10:00,88.93,88.93,87.67,88.46,371703
1/12/2022 10:30,88.48,88.5699,87.81,88.04,257021
1/12/2022 11:00,88.055,88.15,87.74,88.13,210810
1/12/2022 11:30,88.14,88.17,87.9,88.13,146788
1/12/2022 12:00,88.14,88.28,88.06,88.14,137147
1/12/2022 12:30,88.14,88.2645,88.05,88.2,130594
1/12/2022 13:00,88.19,88.29,87.9914,88.12,156795
1/12/2022 13:30,88.11,88.145,87.965,87.9918,134709
1/12/2022 14:00,87.98,88.08,87.83,88.0563,140202
1/12/2022 14:30,88.0527,88.37,88.02,88.23,238867
1/12/2022 15:00,88.23,88.25,87.96,88.12,241850
1/12/2022 15:30,88.13,88.48,88.07,88.34,790275
1/12/2022 16:00,88.31,88.31,88.31,88.31,728674
1/13/2022 9:30,88.73,88.9,88.01,88.26,300050
1/13/2022 10:00,88.2799,88.39,87.78,88.075,383880
1/13/2022 10:30,88.085,88.31,87.92,88.03,242824
1/13/2022 11:00,88.02,88.32,87.93,88.235,188612
1/13/2022 11:30,88.2384,88.645,88.17,88.64,222223
1/13/2022 12:00,88.645,88.78,88.321,88.5,426315
1/13/2022 12:30,88.5,88.69,88.39,88.58,209973
1/13/2022 13:00,88.55,88.92,88.37,88.78,343357
1/13/2022 13:30,88.78,88.83,88.47,88.68,140398
1/13/2022 14:00,88.67,88.72,88.26,88.275,137021
1/13/2022 14:30,88.28,88.28,88.05,88.21,176553
1/13/2022 15:00,88.22,88.22,87.95,88.07,332425
1/13/2022 15:30,88.07,88.11,87.55,87.8,1018684
1/13/2022 16:00,87.79,87.79,87.79,87.79,578524
1/14/2022 9:30,87.48,88.1,87.41,87.63,552062
1/14/2022 10:00,87.62,87.64,86.93,87.06,431554
1/14/2022 10:30,87.06,87.09,86.7,87.01,356390
1/14/2022 11:00,87.02,87.12,86.66,86.97,314871
1/14/2022 11:30,86.98,87.34,86.97,87.23,218089
1/14/2022 12:00,87.22,87.35,86.96,87.15,173694
1/14/2022 12:30,87.15,87.3,86.91,86.91,163478
1/14/2022 13:00,86.902,86.975,86.78,86.9,171579
1/14/2022 13:30,86.88,87.3145,86.81,87.268,164180
1/14/2022 14:00,87.27,87.35,87.1,87.1,197306
1/14/2022 14:30,87.09,87.57,87.09,87.45,205911
1/14/2022 15:00,87.45,87.72,87.38,87.5,223131
1/14/2022 15:30,87.5,87.8,87.5,87.69,860926
1/14/2022 16:00,87.69,87.69,87.69,87.69,687032
1/18/2022 9:30,86.87,86.97,85.93,86.245,720695
1/18/2022 10:00,86.25,86.44,85.9,86.33,326212
1/18/2022 10:30,86.32,86.38,85.97,86.235,356551
1/18/2022 11:00,86.25,86.42,86.1073,86.3,201473
1/18/2022 11:30,86.28,86.36,86.07,86.32,154857
1/18/2022 12:00,86.33,86.33,86.08,86.235,168487
1/18/2022 12:30,86.23,86.33,86.07,86.095,149081
1/18/2022 13:00,86.11,86.11,85.73,85.83,244079
1/18/2022 13:30,85.82,86.03,85.73,85.97,170043
1/18/2022 14:00,85.98,86.03,85.7,85.76,200712
1/18/2022 14:30,85.76,86.08,85.75,85.9655,264898
1/18/2022 15:00,85.96,86,85.53,85.62,395871
1/18/2022 15:30,85.61,85.75,85.34,85.57,1161843
1/18/2022 16:00,85.55,85.55,85.55,85.55,1247703
1/19/2022 9:30,85.77,86.69,85.75,86.48,533526
1/19/2022 10:00,86.46,86.62,85.695,85.695,297724
1/19/2022 10:30,85.72,85.82,85.49,85.71,307147
1/19/2022 11:00,85.71,85.71,85.02,85.08,348861
1/19/2022 11:30,85.07,85.2,84.83,85.15,514376
1/19/2022 12:00,85.145,85.195,84.73,84.7851,562990
1/19/2022 12:30,84.78,84.9002,84.52,84.82,589416
1/19/2022 13:00,84.83,85.03,84.63,84.67,368707
1/19/2022 13:30,84.67,84.78,84.5682,84.73,318397
1/19/2022 14:00,84.72,84.785,84.09,84.09,421847
1/19/2022 14:30,84.085,84.31,84.04,84.08,449892
1/19/2022 15:00,84.06,84.13,83.72,83.83,779555
1/19/2022 15:30,83.82,83.955,83.23,83.38,1842179
1/19/2022 16:00,83.38,83.38,83.38,83.38,1075234
1/20/2022 9:30,83.92,84.53,83.6085,84.455,1192866
1/20/2022 10:00,84.45,85,84.23,84.51,1130180
1/20/2022 10:30,84.5,84.78,84.42,84.61,504070
1/20/2022 11:00,84.6,84.62,84.28,84.43,407334
1/20/2022 11:30,84.43,84.5799,84.18,84.2597,281809
1/20/2022 12:00,84.26,84.3,84.02,84.07,296392
1/20/2022 12:30,84.07,84.14,83.85,83.89,294155
1/20/2022 13:00,83.88,83.94,83.67,83.92,200317
1/20/2022 13:30,83.91,84.035,83.67,83.7,366159
1/20/2022 14:00,83.705,84.05,83.705,83.91,370174
1/20/2022 14:30,83.91,84.02,83.7,83.765,509082
1/20/2022 15:00,83.78,83.91,83.42,83.48,402913
1/20/2022 15:30,83.47,83.55,82.52,82.69,1751009
1/20/2022 16:00,82.72,82.72,82.72,82.72,1309154
1/21/2022 9:30,83.36,83.39,82.4,82.615,901547
1/21/2022 10:00,82.58,82.79,82.03,82.205,840896
1/21/2022 10:30,82.23,83.105,82.17,82.86,429625
1/21/2022 11:00,82.84,83.17,82.74,82.9,780310
1/21/2022 11:30,82.89,83.22,82.7588,82.84,632494
1/21/2022 12:00,82.83,83.125,82.75,82.99,445240
1/21/2022 12:30,82.99,82.99,82.55,82.71,387686
1/21/2022 13:00,82.715,83.3,82.66,82.73,561086
1/21/2022 13:30,82.74,82.88,82.59,82.66,371928
1/21/2022 14:00,82.65,82.86,82.6,82.64,446409
1/21/2022 14:30,82.64,82.78,82.45,82.49,404464
1/21/2022 15:00,82.48,82.63,82.11,82.37,672731
1/21/2022 15:30,82.37,82.71,82.18,82.22,1797417
1/21/2022 16:00,82.22,82.22,82.22,82.22,1101246
1/24/2022 9:30,81.22,82.3,80.961,81.225,873128
1/24/2022 10:00,81.219,81.24,80.38,80.69,681897
1/24/2022 10:30,80.69,80.832,80.28,80.35,917592
1/24/2022 11:00,80.34,80.55,79.8,80.46,720249
1/24/2022 11:30,80.46,80.53,79.69,80.12,448130
1/24/2022 12:00,80.12,80.17,79.59,79.95,730152
1/24/2022 12:30,79.92,80.35,79.66,80.29,848458
1/24/2022 13:00,80.315,80.88,80.17,80.375,861694
1/24/2022 13:30,80.375,81.365,80.32,81.325,660675
1/24/2022 14:00,81.335,81.615,80.96,81.02,503796
1/24/2022 14:30,81.02,81.2,80.56,81.12,438933
1/24/2022 15:00,81.11,81.4317,81.01,81.29,667023
1/24/2022 15:30,81.3,82.42,81.25,82.42,2400630
1/24/2022 16:00,82.42,82.42,82.42,82.42,1949930
1/25/2022 9:30,81.33,81.77,80.45,80.69,694151
1/25/2022 10:00,80.68,81.37,80.2,81.3,705100
1/25/2022 10:30,81.27,81.325,80.6015,80.81,516017
1/25/2022 11:00,80.82,81.2,80.71,80.93,650987
1/25/2022 11:30,80.97,80.99,80.5,80.595,592804
1/25/2022 12:00,80.5887,81.27,80.56,81.03,645694
1/25/2022 12:30,81.015,81.045,80.73,80.99,452809
1/25/2022 13:00,80.97,81.15,80.7999,81.11,593774
1/25/2022 13:30,81.11,81.52,81.02,81.51,1020069
1/25/2022 14:00,81.52,82.1,81.37,81.61,560377
1/25/2022 14:30,81.63,81.97,81.4,81.85,1036202
1/25/2022 15:00,81.84,81.96,81.29,81.37,670799
1/25/2022 15:30,81.36,81.57,80.92,81.11,1393621
1/25/2022 16:00,81.07,81.07,81.07,81.07,1384928
1/26/2022 9:30,81.91,82.03,81.55,81.87,673926
1/26/2022 10:00,81.87,81.9937,81.22,81.26,860614
1/26/2022 10:30,81.26,81.4295,80.895,81.27,1003067
1/26/2022 11:00,81.27,81.65,81.08,81.46,633281
1/26/2022 11:30,81.45,81.55,81.11,81.37,287891
1/26/2022 12:00,81.36,81.61,81.28,81.4847,361275
1/26/2022 12:30,81.48,81.62,81.38,81.54,496510
1/26/2022 13:00,81.53,81.54,81.26,81.285,335826
1/26/2022 13:30,81.285,81.4,81.1,81.15,441228
1/26/2022 14:00,81.13,81.69,80.7,81.13,1412405
1/26/2022 14:30,81.11,81.175,80.14,80.27,900916
1/26/2022 15:00,80.33,80.36,79.275,79.67,919411
1/26/2022 15:30,79.66,79.775,79.335,79.58,1680341
1/26/2022 16:00,79.59,79.59,79.59,79.59,1233456
1/27/2022 9:30,80.11,81.15,80.01,80.73,756175
1/27/2022 10:00,80.73,80.96,80.25,80.265,1096438
1/27/2022 10:30,80.28,80.73,79.98,80.59,474710
1/27/2022 11:00,80.61,81.06,80.37,80.545,568009
1/27/2022 11:30,80.56,80.84,80.55,80.74,443502
1/27/2022 12:00,80.75,80.75,80,80.04,343456
1/27/2022 12:30,80.04,80.11,79.49,79.74,215286
1/27/2022 13:00,79.75,79.865,79.23,79.245,268950
1/27/2022 13:30,79.24,80,79.2,79.86,448996
1/27/2022 14:00,79.87,80.17,79.7,79.76,274955
1/27/2022 14:30,79.75,80.18,79.62,79.87,394387
1/27/2022 15:00,79.89,80.24,79.68,80.05,569488
1/27/2022 15:30,80.05,80.28,79.62,79.8,1475180
1/27/2022 16:00,79.78,79.78,79.78,79.78,648204
1/28/2022 9:30,79.99,79.99,78.57,78.75,570619
1/28/2022 10:00,78.73,79.6,78.655,79.4484,366071
1/28/2022 10:30,79.44,79.54,78.9195,79.51,251713
1/28/2022 11:00,79.5,79.945,79.43,79.72,338511
1/28/2022 11:30,79.715,80.06,79.54,80.05,348527
1/28/2022 12:00,80.06,80.23,79.83,79.85,314688
1/28/2022 12:30,79.84,79.9,79.4409,79.56,237880
1/28/2022 13:00,79.55,79.98,79.5482,79.77,299192
1/28/2022 13:30,79.78,80.04,79.65,79.67,282194
1/28/2022 14:00,79.69,79.83,79.04,79.06,222080
1/28/2022 14:30,79.04,79.76,78.95,79.74,399885
1/28/2022 15:00,79.76,80.02,79.61,79.855,449117
1/28/2022 15:30,79.83,80.5,79.63,80.49,1161009
1/28/2022 16:00,80.48,80.48,80.48,80.48,921579
1/31/2022 9:30,80.49,80.93,80.12,80.9,529895
1/31/2022 10:00,80.91,81.43,80.87,81.235,411490
1/31/2022 10:30,81.245,81.27,80.485,80.8,583578
1/31/2022 11:00,80.8,81.22,80.79,81.17,473564
1/31/2022 11:30,81.18,81.64,81.18,81.42,383729
1/31/2022 12:00,81.4,81.4,80.99,81.09,477552
1/31/2022 12:30,81.1,81.24,80.99,81.11,400162
1/31/2022 13:00,81.1,81.12,80.78,80.89,439391
1/31/2022 13:30,80.89,81.04,80.785,80.9,254209
1/31/2022 14:00,80.9,80.96,80.81,80.8858,260853
1/31/2022 14:30,80.89,80.89,80.595,80.7,433654
1/31/2022 15:00,80.695,80.79,80.28,80.62,528344
1/31/2022 15:30,80.61,81.21,80.55,81.14,1463970
1/31/2022 16:00,81.16,81.16,81.16,81.16,1866722
2/1/2022 9:30,81.4,81.4,80.09,80.3018,813126
2/1/2022 10:00,80.3,80.3,79.78,79.88,433972
2/1/2022 10:30,79.88,80.25,79.645,80.22,416557
2/1/2022 11:00,80.23,80.49,80.08,80.44,369294
2/1/2022 11:30,80.45,81.06,80.3,80.97,529667
2/1/2022 12:00,80.98,81.07,80.7732,80.955,340208
2/1/2022 12:30,80.955,81.13,80.81,81.09,281817
2/1/2022 13:00,81.09,81.09,80.79,81.015,231846
2/1/2022 13:30,81.01,81.2,80.97,80.985,274066
2/1/2022 14:00,80.98,81.115,80.94,81.03,230403
2/1/2022 14:30,81.04,81.13,80.79,80.83,238038
2/1/2022 15:00,80.81,81.035,80.81,81.02,308464
2/1/2022 15:30,81.02,81.2,80.9,81.02,1014873
2/1/2022 16:00,81.04,81.04,81.04,81.04,787936
2/2/2022 9:30,81.16,82.09,80.84,81.84,658383
2/2/2022 10:00,81.83,82.24,81.83,82.08,324580
2/2/2022 10:30,82.075,82.88,82.05,82.725,585534
2/2/2022 11:00,82.71,82.71,82.15,82.2,340063
2/2/2022 11:30,82.19,82.23,81.82,82.17,234486
2/2/2022 12:00,82.15,82.47,82.08,82.089,240016
2/2/2022 12:30,82.085,82.42,82.0496,82.33,286429
2/2/2022 13:00,82.31,82.37,82.16,82.28,226730
2/2/2022 13:30,82.28,82.67,82.2,82.56,310035
2/2/2022 14:00,82.56,82.635,82.19,82.24,407338
2/2/2022 14:30,82.25,82.61,82.2,82.48,383475
2/2/2022 15:00,82.48,82.53,82.29,82.41,423106
2/2/2022 15:30,82.405,82.63,82.37,82.49,1001757
2/2/2022 16:00,82.5,82.5,82.5,82.5,1384277
2/3/2022 9:30,81.63,82.51,81.63,82.22,510420
2/3/2022 10:00,82.24,82.515,81.96,82.49,461962
2/3/2022 10:30,82.5,82.725,82.34,82.46,348746
2/3/2022 11:00,82.4401,82.759,82.42,82.52,286054
2/3/2022 11:30,82.53,82.565,82.21,82.33,229687
2/3/2022 12:00,82.34,82.38,82.1,82.28,272504
2/3/2022 12:30,82.25,82.34,82.14,82.22,208848
2/3/2022 13:00,82.2145,82.29,82.08,82.19,194925
2/3/2022 13:30,82.186,82.41,82.09,82.185,251041
2/3/2022 14:00,82.19,82.3066,82.11,82.24,224674
2/3/2022 14:30,82.245,82.25,81.88,81.89,340636
2/3/2022 15:00,81.89,82.09,81.69,82.07,350639
2/3/2022 15:30,82.0674,82.0674,81.765,81.93,1842281
2/3/2022 16:00,81.94,81.94,81.94,81.94,1028612
2/4/2022 9:30,82.03,82.49,81.8,82.15,553846
2/4/2022 10:00,82.16,82.66,82.08,82.13,286768
2/4/2022 10:30,82.15,82.2,81.54,81.54,293479
2/4/2022 11:00,81.525,81.98,81.475,81.93,288826
2/4/2022 11:30,81.93,82.3,81.92,82.09,179107
2/4/2022 12:00,82.09,82.215,81.995,82.125,184776
2/4/2022 12:30,82.14,82.32,82.0198,82.29,105777
2/4/2022 13:00,82.29,82.54,82.25,82.4,152776
2/4/2022 13:30,82.4,82.63,82.38,82.63,189831
2/4/2022 14:00,82.65,82.66,82.38,82.5,177081
2/4/2022 14:30,82.5,82.65,82.42,82.65,179615
2/4/2022 15:00,82.66,82.91,82.62,82.67,216187
2/4/2022 15:30,82.67,82.78,82.075,82.09,827317
2/4/2022 16:00,82.11,82.11,82.11,82.11,607654
2/7/2022 9:30,82.14,82.25,81.43,81.79,388273
2/7/2022 10:00,81.765,81.82,81.22,81.605,232694
2/7/2022 10:30,81.62,81.82,81.52,81.79,157541
2/7/2022 11:00,81.81,81.93,81.64,81.84,134839
2/7/2022 11:30,81.845,81.89,81.555,81.815,137633
2/7/2022 12:00,81.805,81.815,81.56,81.595,128721
2/7/2022 12:30,81.59,81.69,81.31,81.61,157772
2/7/2022 13:00,81.6,81.73,81.49,81.66,185894
2/7/2022 13:30,81.67,81.72,81.5,81.65,168118
2/7/2022 14:00,81.65,81.66,81.33,81.58,165760
2/7/2022 14:30,81.574,81.71,81.49,81.53,129721
2/7/2022 15:00,81.52,81.67,81.27,81.3,185546
2/7/2022 15:30,81.295,81.385,80.66,80.75,1122947
2/7/2022 16:00,80.74,80.74,80.74,80.74,1243370
2/8/2022 9:30,80.29,80.51,79.8001,80.1,615313
2/8/2022 10:00,80.1,80.225,79.84,80.12,288162
2/8/2022 10:30,80.12,80.54,80.065,80.45,232077
2/8/2022 11:00,80.465,80.56,80.38,80.46,220989
2/8/2022 11:30,80.47,80.56,80.455,80.52,235438
2/8/2022 12:00,80.51,80.56,80.3,80.41,162571
2/8/2022 12:30,80.4039,80.66,80.4,80.56,145377
2/8/2022 13:00,80.56,80.73,80.52,80.67,169539
2/8/2022 13:30,80.66,80.76,80.6,80.7378,186788
2/8/2022 14:00,80.74,80.78,80.52,80.54,166652
2/8/2022 14:30,80.53,80.62,80.4,80.55,267299
2/8/2022 15:00,80.55,80.86,80.5,80.66,238799
2/8/2022 15:30,80.66,80.83,80.54,80.78,954293
2/8/2022 16:00,80.79,80.79,80.79,80.79,845749
2/9/2022 9:30,81.745,82.82,81.65,82.58,830541
2/9/2022 10:00,82.57,82.74,81.81,81.865,385814
2/9/2022 10:30,81.865,82.27,81.865,82.06,257897
2/9/2022 11:00,82.05,82.1,81.76,81.85,265513
2/9/2022 11:30,81.85,82.27,81.81,82.255,217104
2/9/2022 12:00,82.24,82.38,82.145,82.32,220244
2/9/2022 12:30,82.33,82.625,82.33,82.5991,226917
2/9/2022 13:00,82.59,82.8439,82.52,82.822,229014
2/9/2022 13:30,82.825,83.06,82.82,83.03,364518
2/9/2022 14:00,83.03,83.405,83.01,83.395,422105
2/9/2022 14:30,83.4,83.575,83.305,83.315,574930
2/9/2022 15:00,83.31,83.6,83.155,83.555,537992
2/9/2022 15:30,83.545,83.65,83.3,83.46,1504622
2/9/2022 16:00,83.45,83.45,83.45,83.45,1078832
2/10/2022 9:30,82.75,83.35,82.3404,83.345,442246
2/10/2022 10:00,83.345,83.78,83.23,83.2586,297412
2/10/2022 10:30,83.26,83.58,83.16,83.27,241491
2/10/2022 11:00,83.255,83.45,83.12,83.24,191992
2/10/2022 11:30,83.22,83.32,82.8361,83.22,244963
2/10/2022 12:00,83.23,83.29,82.99,83.14,143712
2/10/2022 12:30,83.14,83.2025,82.47,82.59,245165
2/10/2022 13:00,82.5807,82.73,82.2,82.2,173967
2/10/2022 13:30,82.205,82.26,81.89,82.15,294861
2/10/2022 14:00,82.13,82.23,81.84,82.16,307496
2/10/2022 14:30,82.14,82.25,81.91,82,194587
2/10/2022 15:00,82,82.28,81.94,81.99,239174
2/10/2022 15:30,81.98,82.07,81.62,81.86,890053
2/10/2022 16:00,81.86,81.86,81.85,81.85,632499
2/11/2022 9:30,81.84,82.43,81.45,81.57,355986
2/11/2022 10:00,81.61,81.67,81.12,81.1537,322105
2/11/2022 10:30,81.17,81.23,80.71,80.755,465888
2/11/2022 11:00,80.76,81.04,80.54,80.615,234260
2/11/2022 11:30,80.64,80.73,80.46,80.51,166533
2/11/2022 12:00,80.48,80.72,80.4497,80.63,263940
2/11/2022 12:30,80.61,80.69,80.24,80.45,243033
2/11/2022 13:00,80.47,80.565,80.24,80.24,171901
2/11/2022 13:30,80.24,80.24,79.54,79.65,341480
2/11/2022 14:00,79.63,80.04,79.55,79.67,434165
2/11/2022 14:30,79.65,80.13,79.63,79.83,426964
2/11/2022 15:00,79.84,80.05,79.625,79.77,447263
2/11/2022 15:30,79.76,80.13,79.5338,79.74,1451176
2/11/2022 16:00,79.75,79.75,79.75,79.75,660635
2/14/2022 9:30,79.58,79.73,78.95,79,354041
2/14/2022 10:00,79,79,78.5201,78.81,356653
2/14/2022 10:30,78.83,78.925,78.52,78.68,196048
2/14/2022 11:00,78.7,79.23,78.66,79.18,223180
2/14/2022 11:30,79.19,79.3488,78.82,78.875,258942
2/14/2022 12:00,78.87,78.91,78.64,78.91,222276
2/14/2022 12:30,78.905,79.22,78.81,79.22,145610
2/14/2022 13:00,79.23,79.35,79.06,79.06,119496
2/14/2022 13:30,79.07,79.13,78.58,78.6,242563
2/14/2022 14:00,78.6,79.015,78.44,78.78,319750
2/14/2022 14:30,78.78,79.1,78.71,78.93,222578
2/14/2022 15:00,78.93,79.15,78.74,78.96,300955
2/14/2022 15:30,78.96,79.24,78.88,78.94,788305
2/14/2022 16:00,78.95,78.95,78.95,78.95,531916
2/15/2022 9:30,79.39,79.83,79.32,79.655,379467
2/15/2022 10:00,79.65,79.78,79.4,79.75,177403
2/15/2022 10:30,79.75,79.8619,79.59,79.74,172442
2/15/2022 11:00,79.73,79.76,79.45,79.52,158094
2/15/2022 11:30,79.55,79.78,79.55,79.69,166962
2/15/2022 12:00,79.7,79.72,79.45,79.47,193739
2/15/2022 12:30,79.45,79.5,79.21,79.38,155414
2/15/2022 13:00,79.37,79.66,79.37,79.61,126953
2/15/2022 13:30,79.62,79.73,79.57,79.685,176497
2/15/2022 14:00,79.69,79.79,79.52,79.72,252079
2/15/2022 14:30,79.73,79.77,79.54,79.74,206993
2/15/2022 15:00,79.73,79.925,79.71,79.78,270684
2/15/2022 15:30,79.78,79.87,79.43,79.76,825813
2/15/2022 16:00,79.77,79.77,79.77,79.77,751486
2/16/2022 9:30,79.47,79.7817,79.12,79.3,287961
2/16/2022 10:00,79.25,79.34,78.82,78.9,138771
2/16/2022 10:30,78.91,79.008,78.82,78.9,168094
2/16/2022 11:00,78.905,78.97,78.52,78.56,419061
2/16/2022 11:30,78.56,78.77,78.5115,78.73,142784
2/16/2022 12:00,78.74,78.79,78.29,78.39,194594
2/16/2022 12:30,78.41,78.56,78.22,78.51,181769
2/16/2022 13:00,78.49,78.5252,78.3301,78.42,137915
2/16/2022 13:30,78.42,78.53,78.365,78.48,171083
2/16/2022 14:00,78.48,79.11,78.37,79.05,776665
2/16/2022 14:30,79.06,79.33,79,79.26,278272
2/16/2022 15:00,79.25,79.45,79.14,79.44,347005
2/16/2022 15:30,79.44,79.4798,79.05,79.2,836212
2/16/2022 16:00,79.19,79.19,79.19,79.19,866199
2/17/2022 9:30,78.76,78.98,77.4,77.495,479703
2/17/2022 10:00,77.49,77.51,77.11,77.17,396788
2/17/2022 10:30,77.18,77.33,76.64,76.87,547092
2/17/2022 11:00,76.86,76.97,76.75,76.9,240102
2/17/2022 11:30,76.89,77,76.68,76.705,253699
2/17/2022 12:00,76.705,76.77,76.5,76.5997,325910
2/17/2022 12:30,76.6,76.81,76.41,76.41,276450
2/17/2022 13:00,76.415,76.42,76,76.04,436327
2/17/2022 13:30,76.05,76.155,75.85,75.95,320062
2/17/2022 14:00,75.95,76.195,75.94,76.03,545746
2/17/2022 14:30,76.04,76.1,75.945,76,311542
2/17/2022 15:00,76,76.08,75.56,75.595,544349
2/17/2022 15:30,75.6,75.77,75.33,75.525,1420555
2/17/2022 16:00,75.53,75.53,75.53,75.53,903492
2/18/2022 9:30,75.5,75.73,74.77,75.5935,852056
2/18/2022 10:00,75.5993,75.73,75.31,75.31,361773
2/18/2022 10:30,75.32,75.49,75.17,75.26,289893
2/18/2022 11:00,75.25,75.34,75.04,75.21,244644
2/18/2022 11:30,75.22,75.32,74.935,74.94,213596
2/18/2022 12:00,74.95,75.11,74.78,74.89,205990
2/18/2022 12:30,74.8743,74.97,74.52,74.52,256360
2/18/2022 13:00,74.54,74.64,74.4,74.4105,278414
2/18/2022 13:30,74.41,74.74,74.4,74.665,239719
2/18/2022 14:00,74.67,74.96,74.64,74.915,255333
2/18/2022 14:30,74.91,75.06,74.58,74.92,332503
2/18/2022 15:00,74.93,75.04,74.49,74.5,359119
2/18/2022 15:30,74.49,74.76,74.28,74.61,1063724
2/18/2022 16:00,74.57,74.57,74.57,74.57,1029346
2/22/2022 9:30,73.82,74.66,73.7043,74.595,889283
2/22/2022 10:00,74.595,74.91,74.34,74.7397,403840
2/22/2022 10:30,74.74,74.74,73.93,73.99,284214
2/22/2022 11:00,73.98,74.32,73.79,74.14,348686
2/22/2022 11:30,74.12,74.54,74.1139,74.515,364413
2/22/2022 12:00,74.515,74.64,74.24,74.285,299972
2/22/2022 12:30,74.29,74.42,74.15,74.24,242418
2/22/2022 13:00,74.25,74.35,74.0936,74.15,283515
2/22/2022 13:30,74.15,74.22,73.79,73.83,250084
2/22/2022 14:00,73.82,74.1,73.62,73.97,285141
2/22/2022 14:30,73.95,74.47,73.77,74.34,278032
2/22/2022 15:00,74.35,74.72,74.31,74.49,360935
2/22/2022 15:30,74.49,74.49,73.85,74.13,833808
2/22/2022 16:00,74.12,74.12,74.12,74.12,886318
2/23/2022 9:30,74.07,74.38,73.78,73.94,546672
2/23/2022 10:00,73.93,74.065,73.61,73.61,243889
2/23/2022 10:30,73.615,73.88,73.56,73.67,238481
2/23/2022 11:00,73.645,73.75,73.21,73.21,245872
2/23/2022 11:30,73.22,73.63,73.18,73.61,181325
2/23/2022 12:00,73.62,73.71,73.41,73.56,203469
2/23/2022 12:30,73.57,73.595,73.16,73.34,278021
2/23/2022 13:00,73.34,73.34,73.03,73.08,233745
2/23/2022 13:30,73.07,73.3,72.94,73.105,275517
2/23/2022 14:00,73.1,73.2,72.8801,72.94,345485
2/23/2022 14:30,72.95,72.98,72.59,72.75,254736
2/23/2022 15:00,72.73,72.87,72.59,72.8,257152
2/23/2022 15:30,72.7967,72.91,72.35,72.48,1139095
2/23/2022 16:00,72.47,72.47,72.47,72.47,891844
2/24/2022 9:30,70.94,73.445,70.23,73.445,1246476
2/24/2022 10:00,73.445,73.57,72.79,73.51,976078
2/24/2022 10:30,73.49,73.57,73.13,73.3,599523
2/24/2022 11:00,73.27,73.62,73.1,73.285,292820
2/24/2022 11:30,73.28,73.36,72.895,73.315,360980
2/24/2022 12:00,73.33,73.33,72.615,72.77,260892
2/24/2022 12:30,72.775,73.15,72.61,72.985,389383
2/24/2022 13:00,73,73.36,72.95,73.12,417888
2/24/2022 13:30,73.13,73.86,73.115,73.51,545312
2/24/2022 14:00,73.48,74.07,73.33,74,668617
2/24/2022 14:30,74.015,74.35,73.95,74.26,512021
2/24/2022 15:00,74.26,74.61,74.14,74.325,509083
2/24/2022 15:30,74.34,74.945,74.34,74.78,1197336
2/24/2022 16:00,74.81,74.81,74.81,74.81,1185775
2/25/2022 9:30,74.65,75.14,74.32,75.045,507257
2/25/2022 10:00,75.045,75.91,74.87,75.87,414341
2/25/2022 10:30,75.88,76.235,75.7,76.09,497389
2/25/2022 11:00,76.07,76.43,75.9,76.1113,240136
2/25/2022 11:30,76.12,76.4002,75.99,76.4,239071
2/25/2022 12:00,76.39,76.6863,76.29,76.68,483929
2/25/2022 12:30,76.68,76.835,76.3182,76.35,508681
2/25/2022 13:00,76.37,76.48,76.21,76.395,239397
2/25/2022 13:30,76.395,76.51,76.18,76.33,244086
2/25/2022 14:00,76.35,76.56,76.2,76.54,303699
2/25/2022 14:30,76.55,76.6,76.04,76.23,408907
2/25/2022 15:00,76.23,76.44,76.1082,76.33,422152
2/25/2022 15:30,76.33,76.48,76.21,76.33,1145876
2/25/2022 16:00,76.35,76.35,76.35,76.35,844064
2/28/2022 9:30,75.57,76.1805,75.47,76.02,583610
2/28/2022 10:00,76.035,76.11,75.7,75.99,349789
2/28/2022 10:30,76,76.28,75.91,76.2,302471
2/28/2022 11:00,76.21,76.6998,76.18,76.605,296626
2/28/2022 11:30,76.59,76.69,76.34,76.61,237371
2/28/2022 12:00,76.5955,76.66,75.84,75.92,220003
2/28/2022 12:30,75.91,75.95,75.73,75.92,226029
2/28/2022 13:00,75.92,76.32,75.79,75.83,321699
2/28/2022 13:30,75.795,75.87,75.61,75.795,192112
2/28/2022 14:00,75.78,75.78,75.02,75.13,284123
2/28/2022 14:30,75.12,75.54,75.05,75.455,210776
2/28/2022 15:00,75.445,75.71,75.25,75.5,268523
2/28/2022 15:30,75.49,76.04,75.1182,75.96,1051452
2/28/2022 16:00,75.97,75.97,75.97,75.97,2211927
3/1/2022 9:30,75.98,76.47,75.67,75.98,439210
3/1/2022 10:00,75.99,76.42,75.79,76.3,541004
3/1/2022 10:30,76.28,76.395,76.06,76.16,477144
3/1/2022 11:00,76.165,76.49,76.14,76.36,218295
3/1/2022 11:30,76.34,76.35,75.7,75.81,303786
3/1/2022 12:00,75.81,76.092,75.67,76.02,258181
3/1/2022 12:30,76.01,76.275,75.97,76.188,208146
3/1/2022 13:00,76.17,76.29,75.82,75.83,329880
3/1/2022 13:30,75.83,76.195,75.82,75.91,534486
3/1/2022 14:00,75.92,76.34,75.73,76.31,516233
3/1/2022 14:30,76.31,76.36,75.99,76.03,285440
3/1/2022 15:00,76.02,76.4999,75.88,75.89,398384
3/1/2022 15:30,75.87,76.13,75.62,75.99,1349164
3/1/2022 16:00,76.01,76.01,76.01,76.01,1528426
3/2/2022 9:30,76.45,77.55,76.25,76.765,832627
3/2/2022 10:00,76.77,77,76.34,76.91,281680
3/2/2022 10:30,76.92,77.34,76.765,77.21,442308
3/2/2022 11:00,77.23,77.8,77.035,77.69,365363
3/2/2022 11:30,77.7,78.38,77.7,78.3639,650461
3/2/2022 12:00,78.36,78.57,78.15,78.405,402439
3/2/2022 12:30,78.41,78.5,78.36,78.5,221267
3/2/2022 13:00,78.51,78.74,78.51,78.71,395505
3/2/2022 13:30,78.72,78.86,78.5927,78.7069,315754
3/2/2022 14:00,78.705,78.78,78.5,78.56,282616
3/2/2022 14:30,78.55,78.6,78.28,78.32,256152
3/2/2022 15:00,78.32,78.48,78.1,78.35,299264
3/2/2022 15:30,78.34,78.56,78.25,78.27,1155416
3/2/2022 16:00,78.28,78.28,78.28,78.28,827781
3/3/2022 9:30,78.96,78.9675,77.93,78.05,337768
3/3/2022 10:00,78.05,78.225,77.71,77.92,278733
3/3/2022 10:30,77.89,77.975,77.46,77.47,237440
3/3/2022 11:00,77.465,77.71,77.43,77.65,179824
3/3/2022 11:30,77.67,78.085,77.47,78.015,392020
3/3/2022 12:00,78.01,78.18,77.85,77.94,227631
3/3/2022 12:30,77.945,78.54,77.9,78.26,328869
3/3/2022 13:00,78.27,78.54,78.2,78.51,232024
3/3/2022 13:30,78.52,78.74,78.32,78.685,323939
3/3/2022 14:00,78.69,79.04,78.635,78.875,388557
3/3/2022 14:30,78.875,78.885,78.375,78.47,257337
3/3/2022 15:00,78.46,78.52,78.215,78.51,462676
3/3/2022 15:30,78.5,78.51,78.1,78.25,1458988
3/3/2022 16:00,78.25,78.25,78.25,78.25,714091
3/4/2022 9:30,77.67,77.91,76.84,77.605,591294
3/4/2022 10:00,77.605,77.7559,77.145,77.37,342361
3/4/2022 10:30,77.35,77.35,76.74,76.75,393030
3/4/2022 11:00,76.74,76.96,76.65,76.89,289265
3/4/2022 11:30,76.88,77.15,76.79,77.0296,186369
3/4/2022 12:00,77.03,77.53,76.9,77.38,264165
3/4/2022 12:30,77.37,77.4,76.9237,76.965,304166
3/4/2022 13:00,76.96,77.19,76.88,76.99,332800
3/4/2022 13:30,76.99,77.13,76.42,76.43,366098
3/4/2022 14:00,76.44,76.53,76.14,76.475,367829
3/4/2022 14:30,76.465,76.569,75.79,75.86,525774
3/4/2022 15:00,75.85,76.15,75.84,76.03,611309
3/4/2022 15:30,76.02,76.54,75.78,76.47,1574972
3/4/2022 16:00,76.49,76.49,76.49,76.49,790232
3/7/2022 9:30,76.29,76.39,74.35,74.35,807236
3/7/2022 10:00,74.3487,74.5,73.445,74.06,823745
3/7/2022 10:30,74.045,74.21,73.6101,73.79,437702
3/7/2022 11:00,73.8,74.41,73.675,74.39,465577
3/7/2022 11:30,74.39,74.865,74.22,74.65,376178
3/7/2022 12:00,74.66,74.7396,74.35,74.56,336977
3/7/2022 12:30,74.55,74.8,74.32,74.55,354893
3/7/2022 13:00,74.55,74.87,74.175,74.38,482008
3/7/2022 13:30,74.38,74.685,74.27,74.56,327565
3/7/2022 14:00,74.56,75.09,74.5526,74.85,434706
3/7/2022 14:30,74.85,75.015,74.73,74.91,503455
3/7/2022 15:00,74.92,74.95,74.6901,74.85,685655
3/7/2022 15:30,74.84,74.85,74.24,74.32,1382013
3/7/2022 16:00,74.32,74.32,74.32,74.32,1235335
3/8/2022 9:30,73.84,75.23,73.52,74.51,954162
3/8/2022 10:00,74.49,74.58,73.74,73.75,617245
3/8/2022 10:30,73.75,74.37,73.47,74.26,422332
3/8/2022 11:00,74.24,74.29,73.365,73.49,407914
3/8/2022 11:30,73.49,74.05,73.31,73.6,493775
3/8/2022 12:00,73.62,74.47,73.48,74.43,325086
3/8/2022 12:30,74.44,74.82,74.26,74.6013,289688
3/8/2022 13:00,74.61,74.83,74.18,74.23,266316
3/8/2022 13:30,74.23,74.23,73.37,73.42,289119
3/8/2022 14:00,73.4,73.85,73.115,73.81,320418
3/8/2022 14:30,73.8,74.2019,73.67,74.01,273445
3/8/2022 15:00,74.04,74.36,73.75,73.77,383570
3/8/2022 15:30,73.78,73.94,73.3,73.3,1124360
3/8/2022 16:00,73.33,73.33,73.33,73.33,1060587
3/9/2022 9:30,74.92,75.45,74.69,75.26,812033
3/9/2022 10:00,75.245,76.07,75.19,76.06,453734
3/9/2022 10:30,76.07,76.31,75.93,76.07,494165
3/9/2022 11:00,76.07,76.315,75.92,76.25,374721
3/9/2022 11:30,76.25,76.73,76.22,76.65,445756
3/9/2022 12:00,76.6433,76.68,76.509,76.585,317533
3/9/2022 12:30,76.59,76.88,76.5,76.84,398484
3/9/2022 13:00,76.84,76.95,76.64,76.65,291246
3/9/2022 13:30,76.6484,76.72,76.48,76.63,396024
3/9/2022 14:00,76.63,76.78,76.58,76.63,292963
3/9/2022 14:30,76.64,76.715,76.23,76.26,355995
3/9/2022 15:00,76.27,76.555,76.205,76.51,356771
3/9/2022 15:30,76.52,76.635,75.99,76.08,860769
3/9/2022 16:00,76.1,76.1,76.1,76.1,762235
3/10/2022 9:30,75.1,75.93,75.03,75.62,666394
3/10/2022 10:00,75.61,76.27,75.45,75.59,406632
3/10/2022 10:30,75.6,75.825,75.32,75.4,228722
3/10/2022 11:00,75.37,75.48,75.16,75.28,314384
3/10/2022 11:30,75.27,76.63,75.055,75.48,1655604
3/10/2022 12:00,75.52,75.99,75.5,75.895,480243
3/10/2022 12:30,75.89,76.63,75.87,76.31,729679
3/10/2022 13:00,76.295,76.52,76.15,76.23,415185
3/10/2022 13:30,76.22,76.41,76.11,76.34,363756
3/10/2022 14:00,76.33,76.59,76.24,76.45,384242
3/10/2022 14:30,76.46,76.68,76.32,76.58,378682
3/10/2022 15:00,76.58,76.58,76.24,76.4,509548
3/10/2022 15:30,76.41,76.85,76.31,76.74,1551463
3/10/2022 16:00,76.65,76.65,76.65,76.65,1229100
3/11/2022 9:30,76.7,77,74,75.08,2626469
3/11/2022 10:00,75,75.099,74.03,74.855,1019393
3/11/2022 10:30,74.855,77.3,74.43,77.25,1392425
3/11/2022 11:00,77.255,77.99,77.07,77.74,1545711
3/11/2022 11:30,77.74,78.65,77.575,78.27,1507530
3/11/2022 12:00,78.27,78.86,78.22,78.6901,1403670
3/11/2022 12:30,78.7,78.85,78.27,78.76,909230
3/11/2022 13:00,78.77,79.1,78.59,78.975,877813
3/11/2022 13:30,78.99,79.65,78.93,79.26,1097013
3/11/2022 14:00,79.25,79.9,78.8339,79.01,1291777
3/11/2022 14:30,79.015,79.26,78.53,78.6,1055803
3/11/2022 15:00,78.59,78.9092,78.35,78.4,874927
3/11/2022 15:30,78.4,78.43,77.77,77.82,2178649
3/11/2022 16:00,77.82,77.82,77.82,77.82,1053837
3/14/2022 9:30,77.92,78.6,75.44,75.97,1199811
3/14/2022 10:00,75.98,76.895,75.79,76.44,593562
3/14/2022 10:30,76.45,77.3,76.35,76.96,474954
3/14/2022 11:00,76.955,76.98,76.49,76.635,681267
3/14/2022 11:30,76.64,77.23,76.5,77.19,594647
3/14/2022 12:00,77.2,77.68,77.12,77.51,644263
3/14/2022 12:30,77.52,77.61,77.09,77.105,486370
3/14/2022 13:00,77.115,77.37,77.075,77.3,518815
3/14/2022 13:30,77.31,77.55,77.2,77.24,556462
3/14/2022 14:00,77.24,77.42,76.91,77.06,591470
3/14/2022 14:30,77.04,77.28,76.82,77.22,433918
3/14/2022 15:00,77.22,77.45,77.085,77.36,648518
3/14/2022 15:30,77.36,77.38,76.99,77.1,1806071
3/14/2022 16:00,77.07,77.07,77.07,77.07,1486478
3/15/2022 9:30,78.05,79.41,77.07,79.21,1167487
3/15/2022 10:00,79.23,79.5,78.46,79.435,640939
3/15/2022 10:30,79.42,80.34,79.39,80.18,1058308
3/15/2022 11:00,80.2,80.68,79.92,80.63,1325873
3/15/2022 11:30,80.62,81.54,80.56,81.1,1556306
3/15/2022 12:00,81.095,81.42,80.845,81.42,699532
3/15/2022 12:30,81.42,81.5,80.5,80.56,727009
3/15/2022 13:00,80.56,80.59,79.89,80.01,384268
3/15/2022 13:30,80.005,80.48,79.9475,80.43,728574
3/15/2022 14:00,80.42,80.44,79.4,79.44,1024913
3/15/2022 14:30,79.4375,80.06,79.3,79.975,453144
3/15/2022 15:00,79.975,80.26,79.92,80.08,677552
3/15/2022 15:30,80.08,80.74,80.08,80.61,2031673
3/15/2022 16:00,80.6,80.6,80.6,80.6,1502675
3/16/2022 9:30,81,81.23,79.43,79.725,821900
3/16/2022 10:00,79.725,79.915,79.22,79.3,771206
3/16/2022 10:30,79.31,79.4,78.73,78.975,761870
3/16/2022 11:00,78.97,79.15,78.78,78.97,639081
3/16/2022 11:30,78.97,79.3,78.94,79.08,487454
3/16/2022 12:00,79.09,79.24,78.8,78.94,495580
3/16/2022 12:30,78.945,79.155,78.4,78.6,459965
3/16/2022 13:00,78.59,78.785,78.11,78.15,515699
3/16/2022 13:30,78.18,79.06,78.155,78.865,557502
3/16/2022 14:00,78.79,78.9,77.98,78.03,744107
3/16/2022 14:30,78.035,79.42,77.75,79.215,810740
3/16/2022 15:00,79.235,79.375,78.69,79.23,534930
3/16/2022 15:30,79.24,79.99,79.08,79.96,1436624
3/16/2022 16:00,79.96,79.96,79.96,79.96,2595680
3/17/2022 9:30,79.78,81.29,79.26,80.71,851543
3/17/2022 10:00,80.72,81.01,80.57,80.93,482500
3/17/2022 10:30,80.94,81.18,80.15,80.27,533420
3/17/2022 11:00,80.26,80.32,79.8,80.06,332749
3/17/2022 11:30,80.04,80.33,79.99,80.19,222668
3/17/2022 12:00,80.19,80.27,79.8301,79.96,304383
3/17/2022 12:30,79.97,80.33,79.9,80.27,290058
3/17/2022 13:00,80.28,80.3,79.9001,80.2,227362
3/17/2022 13:30,80.1946,80.425,80.16,80.19,269617
3/17/2022 14:00,80.19,80.23,79.99,79.99,282019
3/17/2022 14:30,80,80.2099,79.8101,79.99,267419
3/17/2022 15:00,80,80.1698,79.74,80.02,334048
3/17/2022 15:30,80.005,80.6,79.99,80.6,1447909
3/17/2022 16:00,80.6,80.6,80.6,80.6,2567810
3/18/2022 9:30,79.63,80.39,78.84,79.695,1519418
3/18/2022 10:00,79.7,80.405,79.6,80.38,413477
3/18/2022 10:30,80.37,80.5,79.97,80.075,370403
3/18/2022 11:00,80.06,80.32,79.865,80.02,309777
3/18/2022 11:30,80.02,80.42,80.02,80.275,254429
3/18/2022 12:00,80.275,80.54,80.21,80.416,291351
3/18/2022 12:30,80.425,81.04,80.425,80.93,455260
3/18/2022 13:00,80.91,81.19,80.67,80.86,416806
3/18/2022 13:30,80.86,81.06,80.42,80.435,478625
3/18/2022 14:00,80.4338,80.48,80.255,80.3,594965
3/18/2022 14:30,80.3,80.95,80.24,80.945,543540
3/18/2022 15:00,80.94,81.36,80.85,81.22,610958
3/18/2022 15:30,81.22,81.99,81.21,81.65,2235450
3/18/2022 16:00,81.68,81.68,81.68,81.68,11603189
3/21/2022 9:30,81.28,81.98,81.145,81.22,416238
3/21/2022 10:00,81.25,81.29,80.6,81.1734,315403
3/21/2022 10:30,81.14,81.27,80.93,81.13,280398
3/21/2022 11:00,81.1294,81.2,80.71,80.865,320994
3/21/2022 11:30,80.845,81.16,80.66,81.04,264081
3/21/2022 12:00,81.03,81.25,80.92,81.1,180664
3/21/2022 12:30,81.1,81.11,80.59,80.59,225330
3/21/2022 13:00,80.58,80.66,80.27,80.6,237026
3/21/2022 13:30,80.6,80.835,80.59,80.69,158833
3/21/2022 14:00,80.685,80.925,80.51,80.86,194070
3/21/2022 14:30,80.86,81.04,80.69,80.7,285209
3/21/2022 15:00,80.7,80.88,80.52,80.85,276946
3/21/2022 15:30,80.845,80.98,80.53,80.96,902180
3/21/2022 16:00,80.96,80.96,80.96,80.96,2626005
3/22/2022 9:30,81.46,81.75,80.83,81.01,417425
3/22/2022 10:00,81.02,81.29,80.86,81.195,360008
3/22/2022 10:30,81.2,81.65,81.2,81.435,297940
3/22/2022 11:00,81.45,81.83,81.325,81.81,343066
3/22/2022 11:30,81.81,81.85,81.38,81.75,225365
3/22/2022 12:00,81.77,81.91,81.66,81.84,217497
3/22/2022 12:30,81.81,82.13,81.76,82.05,252715
3/22/2022 13:00,82.05,82.23,81.82,81.88,278292
3/22/2022 13:30,81.87,81.97,81.57,81.955,262859
3/22/2022 14:00,81.97,82,81.575,81.6915,227214
3/22/2022 14:30,81.71,81.76,81.5,81.7,272497
3/22/2022 15:00,81.69,81.91,81.58,81.745,384592
3/22/2022 15:30,81.74,81.98,81.6,81.85,1155710
3/22/2022 16:00,81.8,81.8,81.8,81.8,2766633
3/23/2022 9:30,81.25,81.41,80.52,80.9,477385
3/23/2022 10:00,80.9,80.93,80.6,80.855,360470
3/23/2022 10:30,80.87,80.89,80.56,80.64,200976
3/23/2022 11:00,80.64,80.87,80.56,80.655,209955
3/23/2022 11:30,80.65,80.67,80.3,80.36,204378
3/23/2022 12:00,80.355,80.52,80.22,80.45,318478
3/23/2022 12:30,80.465,80.715,80.41,80.69,296225
3/23/2022 13:00,80.71,80.86,80.32,80.44,312001
3/23/2022 13:30,80.43,80.76,80.3193,80.7,316318
3/23/2022 14:00,80.71,80.73,80.28,80.45,187690
3/23/2022 14:30,80.455,80.54,80.35,80.36,338642
3/23/2022 15:00,80.37,80.66,80.33,80.64,301422
3/23/2022 15:30,80.63,80.7569,80.37,80.37,1210828
3/23/2022 16:00,80.39,80.39,80.39,80.39,964207
3/24/2022 9:30,80.65,81.63,80.49,81.33,634152
3/24/2022 10:00,81.33,82.1,81.325,81.915,459493
3/24/2022 10:30,81.9,82.0891,81.805,81.955,320529
3/24/2022 11:00,81.955,82.39,81.92,82.38,272407
3/24/2022 11:30,82.39,82.815,82.38,82.77,402420
3/24/2022 12:00,82.785,82.785,82.19,82.23,407645
3/24/2022 12:30,82.23,82.34,82.035,82.035,262923
3/24/2022 13:00,82.02,82.075,81.7,81.84,203881
3/24/2022 13:30,81.86,82.11,81.735,81.94,154320
3/24/2022 14:00,81.935,82.03,81.79,81.99,198073
3/24/2022 14:30,81.995,82.01,81.8,81.9,171294
3/24/2022 15:00,81.9,82.235,81.81,82.23,218587
3/24/2022 15:30,82.24,82.32,82.04,82.25,872559
3/24/2022 16:00,82.24,82.24,82.24,82.24,786904
3/25/2022 9:30,82.04,82.49,81.62,82.17,329808
3/25/2022 10:00,82.17,82.45,82.01,82.39,261967
3/25/2022 10:30,82.4,82.84,82.4,82.57,299540
3/25/2022 11:00,82.565,82.57,81.76,81.83,295130
3/25/2022 11:30,81.7984,82.09,81.65,81.72,220052
3/25/2022 12:00,81.75,81.86,81.61,81.78,202119
3/25/2022 12:30,81.78,81.78,81.42,81.54,245141
3/25/2022 13:00,81.53,81.56,81.27,81.32,229526
3/25/2022 13:30,81.33,81.74,81.24,81.72,218021
3/25/2022 14:00,81.74,81.78,81.5049,81.665,233039
3/25/2022 14:30,81.665,81.75,81.54,81.615,195910
3/25/2022 15:00,81.62,81.64,81.26,81.27,270637
3/25/2022 15:30,81.27,81.79,81.23,81.74,721533
3/25/2022 16:00,81.73,81.73,81.73,81.73,619678
3/28/2022 9:30,81.74,83.07,81.74,83.015,467174
3/28/2022 10:00,82.99,83.25,82.8,82.94,400807
3/28/2022 10:30,82.955,83.185,82.65,83.11,245306
3/28/2022 11:00,83.08,83.16,82.86,83.1,352345
3/28/2022 11:30,83.1,83.17,82.86,82.97,356729
3/28/2022 12:00,82.96,83.01,82.6,82.82,245783
3/28/2022 12:30,82.81,83.15,82.8,83.12,182589
3/28/2022 13:00,83.12,83.45,83.09,83.45,237880
3/28/2022 13:30,83.445,83.63,83.28,83.6,520613
3/28/2022 14:00,83.61,83.7068,83.25,83.28,307191
3/28/2022 14:30,83.27,83.4,83.17,83.4,171567
3/28/2022 15:00,83.4,83.5,83.28,83.36,185613
3/28/2022 15:30,83.36,83.67,83.305,83.62,831781
3/28/2022 16:00,83.6,83.6,83.6,83.6,560720
3/29/2022 9:30,84.49,84.51,83.75,83.88,541027
3/29/2022 10:00,83.86,83.94,83.34,83.585,184981
3/29/2022 10:30,83.6,83.61,83.31,83.51,194589
3/29/2022 11:00,83.52,83.565,83.113,83.31,304714
3/29/2022 11:30,83.2993,83.905,83.2993,83.83,241391
3/29/2022 12:00,83.86,83.95,83.37,83.465,205110
3/29/2022 12:30,83.46,83.52,83.35,83.475,142134
3/29/2022 13:00,83.47,83.4901,83.2,83.39,149665
3/29/2022 13:30,83.4,83.6,83.315,83.5,179879
3/29/2022 14:00,83.505,83.76,83.4498,83.725,209277
3/29/2022 14:30,83.725,84.13,83.68,84.03,326680
3/29/2022 15:00,84.03,84.32,83.965,84.19,364598
3/29/2022 15:30,84.185,84.37,84.105,84.3,784074
3/29/2022 16:00,84.29,84.29,84.29,84.29,797665
3/30/2022 9:30,83.96,84.36,83.46,83.68,348042
3/30/2022 10:00,83.65,83.775,83.12,83.31,314952
3/30/2022 10:30,83.33,83.71,83.31,83.59,240666
3/30/2022 11:00,83.58,83.66,83.36,83.43,179826
3/30/2022 11:30,83.42,83.68,83.39,83.47,229781
3/30/2022 12:00,83.46,83.68,83.4,83.42,244959
3/30/2022 12:30,83.43,83.76,83.43,83.68,178220
3/30/2022 13:00,83.69,83.81,83.52,83.52,152798
3/30/2022 13:30,83.53,83.61,83.4,83.43,135366
3/30/2022 14:00,83.43,83.62,83.365,83.37,224749
3/30/2022 14:30,83.37,83.42,83.2,83.23,204690
3/30/2022 15:00,83.21,83.39,83.15,83.385,232501
3/30/2022 15:30,83.38,83.53,83.13,83.38,907523
3/30/2022 16:00,83.36,83.36,83.36,83.36,759841
3/31/2022 9:30,83.11,83.8,83,83.4541,377005
3/31/2022 10:00,83.45,83.45,83.01,83.29,251479
3/31/2022 10:30,83.29,83.72,83.15,83.63,331288
3/31/2022 11:00,83.63,83.71,83.505,83.53,353554
3/31/2022 11:30,83.54,83.91,83.52,83.79,234517
3/31/2022 12:00,83.79,83.815,83.38,83.41,178113
3/31/2022 12:30,83.405,83.41,83.2,83.34,214111
3/31/2022 13:00,83.3523,83.51,83.26,83.51,138358
3/31/2022 13:30,83.5,83.625,83.451,83.5,117661
3/31/2022 14:00,83.51,83.62,83.245,83.615,527134
3/31/2022 14:30,83.615,83.75,83.47,83.67,213936
3/31/2022 15:00,83.68,83.83,83.4,83.46,365331
3/31/2022 15:30,83.455,83.52,82.59,82.74,2149934
3/31/2022 16:00,82.73,82.73,82.73,82.73,2326143
4/1/2022 9:30,83.04,83.36,82.28,82.43,747121
4/1/2022 10:00,82.4,82.76,82.23,82.44,485582
4/1/2022 10:30,82.44,82.455,81.955,82.25,366936
4/1/2022 11:00,82.25,82.43,82.18,82.18,199217
4/1/2022 11:30,82.18,82.19,81.71,81.815,214059
4/1/2022 12:00,81.81,81.83,81.51,81.665,180942
4/1/2022 12:30,81.65,81.73,81.47,81.63,126489
4/1/2022 13:00,81.64,81.77,81.61,81.64,110940
4/1/2022 13:30,81.66,81.78,81.59,81.73,130419
4/1/2022 14:00,81.72,81.93,81.71,81.92,185952
4/1/2022 14:30,81.915,82.0547,81.8,81.81,196821
4/1/2022 15:00,81.81,82.01,81.655,81.73,230145
4/1/2022 15:30,81.73,82.14,81.505,82.01,940355
4/1/2022 16:00,82.01,82.01,82.01,82.01,735314
4/4/2022 9:30,82.25,84.13,82,83.935,717251
4/4/2022 10:00,83.92,83.99,83.4,83.62,384173
4/4/2022 10:30,83.62,83.79,83.385,83.79,376500
4/4/2022 11:00,83.79,84.15,83.76,84.11,413255
4/4/2022 11:30,84.1,84.215,83.97,84.17,324301
4/4/2022 12:00,84.17,84.27,83.995,84.24,327194
4/4/2022 12:30,84.25,84.295,84.0955,84.245,336344
4/4/2022 13:00,84.24,84.28,84.08,84.0862,218909
4/4/2022 13:30,84.1,84.1,83.885,83.99,216220
4/4/2022 14:00,83.9805,84.09,83.82,83.95,167782
4/4/2022 14:30,83.94,84.05,83.91,83.945,175697
4/4/2022 15:00,83.95,84.17,83.93,84.0749,285951
4/4/2022 15:30,84.075,84.15,83.9,84.08,834984
4/4/2022 16:00,84.07,84.07,84.07,84.07,778412
4/5/2022 9:30,83.4,84.29,83.0814,84.22,370021
4/5/2022 10:00,84.2,84.52,83.58,83.6384,362671
4/5/2022 10:30,83.6,83.8,83.26,83.59,329118
4/5/2022 11:00,83.59,83.59,83.21,83.27,213464
4/5/2022 11:30,83.26,83.53,83.23,83.25,157031
4/5/2022 12:00,83.24,83.28,83.05,83.09,158379
4/5/2022 12:30,83.09,83.3,83.01,83.27,128610
4/5/2022 13:00,83.28,83.44,83.21,83.24,106559
4/5/2022 13:30,83.23,83.25,82.99,83.01,152932
4/5/2022 14:00,82.995,83.17,82.93,83.13,162985
4/5/2022 14:30,83.125,83.2,82.98,83.01,220707
4/5/2022 15:00,83.01,83.04,82.74,82.93,286074
4/5/2022 15:30,82.925,82.9974,82.67,82.97,764750
4/5/2022 16:00,82.94,82.94,82.94,82.94,677514
4/6/2022 9:30,81.92,82.16,81.3701,82.105,544754
4/6/2022 10:00,82.08,82.47,81.73,81.99,245941
4/6/2022 10:30,81.995,82.13,81.845,81.92,154195
4/6/2022 11:00,81.9,82.01,81.75,81.92,120135
4/6/2022 11:30,81.91,82.115,81.72,81.93,172309
4/6/2022 12:00,81.94,82.025,81.75,81.9752,192808
4/6/2022 12:30,81.97,82.09,81.89,81.94,244139
4/6/2022 13:00,81.95,82.02,81.79,81.98,132582
4/6/2022 13:30,81.975,82.23,81.96,82,159049
4/6/2022 14:00,81.99,82.28,81.55,81.69,246084
4/6/2022 14:30,81.7,82.32,81.66,82.32,223544
4/6/2022 15:00,82.32,82.4296,81.96,81.96,317194
4/6/2022 15:30,81.96,82.46,81.95,82.13,746366
4/6/2022 16:00,82.12,82.12,82.12,82.12,812772
4/7/2022 9:30,81.25,81.63,81.05,81.38,375569
4/7/2022 10:00,81.38,81.67,81.23,81.26,231119
4/7/2022 10:30,81.28,81.41,80.92,81.3662,362125
4/7/2022 11:00,81.39,81.675,81.31,81.39,329373
4/7/2022 11:30,81.38,81.445,81.1,81.205,288560
4/7/2022 12:00,81.21,81.41,81.19,81.265,293387
4/7/2022 12:30,81.255,81.33,80.78,80.965,349709
4/7/2022 13:00,80.94,81.33,80.9101,81.2643,263999
4/7/2022 13:30,81.25,81.31,80.92,81.25,250613
4/7/2022 14:00,81.2427,81.27,81.03,81.09,417339
4/7/2022 14:30,81.08,81.59,81.075,81.53,237056
4/7/2022 15:00,81.53,81.87,81.51,81.62,281388
4/7/2022 15:30,81.62,82.01,81.53,81.57,1049877
4/7/2022 16:00,81.54,81.54,81.54,81.54,1062722
4/8/2022 9:30,81.71,81.77,80.26,80.825,531692
4/8/2022 10:00,80.82,81.5399,80.795,81.36,231098
4/8/2022 10:30,81.36,81.83,81.29,81.81,189640
4/8/2022 11:00,81.8,81.82,81.6,81.65,192291
4/8/2022 11:30,81.65,81.71,81.31,81.3832,269260
4/8/2022 12:00,81.39,81.7759,81.25,81.68,279372
4/8/2022 12:30,81.68,81.68,81.5,81.5933,123835
4/8/2022 13:00,81.595,81.6,81.46,81.53,130118
4/8/2022 13:30,81.5186,81.62,81.28,81.34,176860
4/8/2022 14:00,81.33,81.38,80.95,80.99,178965
4/8/2022 14:30,80.98,81.2,80.92,81.065,178983
4/8/2022 15:00,81.065,81.23,80.9816,81.13,273006
4/8/2022 15:30,81.14,81.23,80.8,80.97,973156
4/8/2022 16:00,80.94,80.94,80.94,80.94,855202
4/11/2022 9:30,80.63,81.13,80.26,80.5,409972
4/11/2022 10:00,80.5,80.99,80.455,80.8,301657
4/11/2022 10:30,80.79,81.11,80.64,80.66,316057
4/11/2022 11:00,80.66,80.74,80.465,80.53,122270
4/11/2022 11:30,80.53,80.71,80.335,80.343,128274
4/11/2022 12:00,80.34,80.3875,80.23,80.235,102121
4/11/2022 12:30,80.235,80.25,80.01,80.25,228173
4/11/2022 13:00,80.25,80.5,80.215,80.235,161939
4/11/2022 13:30,80.2346,80.475,80.2,80.25,144773
4/11/2022 14:00,80.24,80.32,80.1,80.14,160287
4/11/2022 14:30,80.135,80.435,80.1,80.31,173676
4/11/2022 15:00,80.31,80.34,79.88,79.96,226758
4/11/2022 15:30,79.96,80.07,79.7,79.85,853431
4/11/2022 16:00,79.76,79.76,79.76,79.76,1281386
4/12/2022 9:30,79.95,80.99,79.83,80.67,436415
4/12/2022 10:00,80.67,80.85,80.217,80.25,277832
4/12/2022 10:30,80.24,80.52,80.16,80.35,352496
4/12/2022 11:00,80.34,80.72,80.27,80.55,269000
4/12/2022 11:30,80.55,80.58,80.24,80.36,304030
4/12/2022 12:00,80.365,80.48,79.97,80.05,246124
4/12/2022 12:30,80.06,80.19,80.02,80.05,151249
4/12/2022 13:00,80.04,80.25,79.89,80.01,174599
4/12/2022 13:30,80.02,80.02,79.575,79.61,174404
4/12/2022 14:00,79.6,79.79,79.37,79.38,166733
4/12/2022 14:30,79.37,79.49,79.2459,79.375,297418
4/12/2022 15:00,79.38,79.405,79.02,79.0899,493689
4/12/2022 15:30,79.08,79.46,79.02,79.33,783799
4/12/2022 16:00,79.33,79.33,79.33,79.33,727812
4/13/2022 9:30,79.26,79.29,78.9101,79.05,248155
4/13/2022 10:00,79.035,79.13,78.63,79.035,210155
4/13/2022 10:30,79.02,79.2398,78.94,78.96,223391
4/13/2022 11:00,78.96,79.6,78.95,79.53,187048
4/13/2022 11:30,79.55,79.55,79.245,79.26,160347
4/13/2022 12:00,79.26,79.47,79.2,79.37,157412
4/13/2022 12:30,79.35,79.42,79.22,79.23,149066
4/13/2022 13:00,79.225,79.375,79.2073,79.29,133026
4/13/2022 13:30,79.28,79.345,79.24,79.31,219088
4/13/2022 14:00,79.305,79.598,79.28,79.54,213718
4/13/2022 14:30,79.54,79.72,79.47,79.67,181124
4/13/2022 15:00,79.66,79.96,79.6288,79.95,307148
4/13/2022 15:30,79.95,79.96,79.63,79.76,665895
4/13/2022 16:00,79.75,79.75,79.75,79.75,577147
4/14/2022 9:30,79.83,80.36,79.77,79.925,498669
4/14/2022 10:00,79.925,80.05,79.46,79.65,238915
4/14/2022 10:30,79.645,79.79,79.435,79.66,183728
4/14/2022 11:00,79.66,80.09,79.605,80.03,181643
4/14/2022 11:30,80.02,80.11,79.85,79.94,212972
4/14/2022 12:00,79.94,79.98,79.66,79.67,165720
4/14/2022 12:30,79.67,79.68,79.32,79.53,135727
4/14/2022 13:00,79.54,79.645,79.435,79.51,130319
4/14/2022 13:30,79.52,79.8,79.52,79.8,117190
4/14/2022 14:00,79.8,79.98,79.72,79.88,222312
4/14/2022 14:30,79.89,79.94,79.7,79.76,159448
4/14/2022 15:00,79.76,79.84,79.68,79.76,294593
4/14/2022 15:30,79.75,79.82,79.405,79.48,1102821
4/14/2022 16:00,79.45,79.45,79.45,79.45,928285